{
  "page_count": 1,
  "width_pt": 548.4400024414062,
  "height_pt": 360.77801513671875,
  "rotation": 0,
  "text_len": 170,
  "drawings": 7482
}